student_id,name,age,cgpa,attendance,city,join_date
DS001,Bhanu,18,8.76,75.0,Warangal,2026-02-14
DS002,Bhanu,23,8.76,94.0,Hyderabad,2026-06-10
DS003,Keerthi,18,5.63,73.0,Warangal,2026-05-19
DS004,Sanjana,18,7.97,94.0,Nizamabad,2026-03-07
DS005,Sai,22,6.72,60.0,Warangal,2026-07-07
DS006,Keerthi,20,6.72,73.0,Karimnagar,2026-02-05
DS007,Anjali,21,5.93,82.0,Khammam,2026-03-18
DS008,Rahul,23,,67.0,Nizamabad,2026-01-30
DS009,Divya,20,9.15,99.0,Karimnagar,2026-06-06
DS010,Arjun,23,5.81,74.0,Karimnagar,2026-01-30
DS011,Priya,18,7.17,89.0,Adilabad,2026-08-11
DS012,Pooja,19,7.13,,Adilabad,2026-03-19
DS013,Anjali,22,8.29,94.0,Adilabad,2026-03-13
DS014,Sneha,21,7.17,100.0,Adilabad,2026-06-01
DS015,Priya,23,6.93,63.0,Warangal,2026-08-08
DS016,Rahul,20,7.27,64.0,Warangal,2026-08-31
DS017,Akhil,23,6.88,91.0,Nizamabad,2026-08-24
DS018,Sai,19,6.67,75.0,Adilabad,2026-06-02
DS019,Divya,20,,87.0,Khammam,2026-04-22
DS020,Pooja,19,9.89,68.0,Khammam,2026-05-16
DS021,Anjali,18,9.29,69.0,Adilabad,2026-02-19
DS022,Keerthi,22,5.78,84.0,Khammam,2026-05-09
DS023,Harsha,20,9.77,60.0,Adilabad,2026-07-13
DS024,Bhanu,23,9.39,77.0,Adilabad,2026-04-07
DS025,Bhanu,20,7.41,89.0,Hyderabad,2026-07-13
DS026,Kiran,22,8.85,92.0,Hyderabad,2026-08-20
DS027,Meghana,23,7.73,72.0,Warangal,2026-04-15
DS028,Sneha,22,9.7,93.0,Hyderabad,2026-06-12
DS029,Rohit,21,5.59,83.0,Karimnagar,2026-03-12
DS030,Rahul,19,9.36,65.0,Hyderabad,2026-07-16
DS031,Nikhil,18,9.8,94.0,Warangal,2026-02-11
DS032,Nikhil,22,6.23,93.0,Khammam,2026-04-28
DS033,Arjun,22,8.82,72.0,Adilabad,2026-03-30
DS034,Varun,23,8.36,88.0,Khammam,2026-05-05
DS035,Bhanu,19,6.49,81.0,Hyderabad,2026-06-09
DS036,Divya,19,8.09,60.0,Hyderabad,2026-07-10
DS037,Rahul,19,5.8,62.0,Karimnagar,2026-01-28
DS038,Harsha,19,6.73,91.0,Warangal,2026-05-28
DS039,Manikanta,23,9.62,96.0,Khammam,2026-05-11
DS040,Priya,21,9.05,72.0,Hyderabad,2026-02-03
DS041,Keerthi,20,7.36,89.0,Adilabad,2026-01-23
DS042,Bhanu,18,7.27,81.0,Hyderabad,2026-03-14
DS043,Arjun,19,,68.0,Nizamabad,2026-02-25
DS044,Kiran,21,6.6,64.0,Nizamabad,2026-08-04
DS045,Divya,18,5.72,94.0,Hyderabad,2026-02-02
DS046,Priya,19,7.29,90.0,Warangal,2026-08-19
DS047,Varun,18,6.22,60.0,Nizamabad,2026-03-18
DS048,Sai,20,7.36,95.0,Adilabad,2026-07-12
DS049,Nikhil,19,6.34,73.0,Hyderabad,2026-06-07
DS050,Divya,18,8.79,63.0,Hyderabad,2026-06-08
DS051,Nikhil,22,9.55,93.0,Warangal,2026-01-24
DS052,Harsha,18,9.25,64.0,Khammam,2026-01-27
DS053,Priya,21,6.03,96.0,Warangal,2026-06-07
DS054,Sanjana,18,8.23,86.0,Adilabad,2026-06-08
DS055,Akhil,22,6.89,76.0,Warangal,2026-06-30
DS056,Rohit,19,6.67,,Adilabad,2026-06-24
DS057,Meghana,21,6.89,64.0,Hyderabad,2026-05-07
DS058,Sanjana,22,9.88,64.0,Khammam,2026-03-05
DS059,Harsha,20,6.08,82.0,Hyderabad,2026-08-23
DS060,Priya,20,6.75,88.0,Khammam,2026-07-09
DS061,Meghana,22,9.83,93.0,Hyderabad,2026-06-29
DS062,Divya,20,9.6,66.0,Warangal,2026-03-18
DS063,Bhanu,18,8.77,69.0,Karimnagar,2026-03-23
DS064,Sanjana,19,8.66,73.0,Adilabad,2026-06-21
DS065,Kiran,22,7.65,63.0,Hyderabad,2026-06-21
DS066,Keerthi,20,5.69,81.0,Warangal,2026-06-22
DS067,Kiran,19,8.76,95.0,Adilabad,2026-04-29
DS068,Divya,18,5.99,69.0,Khammam,2026-01-19
DS069,Pooja,22,7.93,87.0,Warangal,2026-01-20
DS070,Meghana,20,9.46,62.0,Karimnagar,2026-03-04
DS071,Priya,23,5.95,95.0,Nizamabad,2026-06-17
DS072,Manikanta,19,9.3,71.0,Nizamabad,2026-01-16
DS073,Sneha,23,9.57,86.0,Adilabad,2026-08-19
DS074,Priya,20,6.2,66.0,Nizamabad,2026-08-21
DS075,Rahul,21,6.48,89.0,Karimnagar,2026-03-29
DS076,Priya,19,5.6,72.0,Nizamabad,2026-04-04
DS077,Kiran,18,9.75,77.0,Karimnagar,2026-06-23
DS078,Harsha,21,8.49,94.0,Karimnagar,2026-09-07
DS079,Neeraj,18,9.36,76.0,Warangal,2026-06-07
DS080,Kiran,18,5.98,87.0,Karimnagar,2026-07-15
DS081,Rohit,21,8.17,92.0,Hyderabad,2026-04-18
DS082,Akhil,19,6.62,87.0,Hyderabad,2026-05-23
DS083,Divya,23,8.67,72.0,Karimnagar,2026-04-30
DS084,Anjali,23,9.55,99.0,Karimnagar,2026-06-28
DS085,Bhanu,23,9.46,92.0,Karimnagar,2026-06-29
DS086,Keerthi,20,7.27,78.0,Khammam,2026-02-11
DS087,Arjun,21,8.43,84.0,Adilabad,2026-07-20
DS088,Sneha,22,8.0,85.0,Khammam,2026-08-11
DS089,Neeraj,20,6.76,87.0,Khammam,2026-06-14
DS090,Rohit,21,7.44,73.0,Khammam,2026-05-11
DS091,Sneha,23,5.87,92.0,Adilabad,2026-06-21
DS092,Sanjana,20,5.91,75.0,Adilabad,2026-03-30
DS093,Priya,19,6.15,62.0,Warangal,2026-05-11
DS094,Sanjana,18,7.5,100.0,Khammam,2026-02-28
DS095,Varun,21,7.26,69.0,Adilabad,2026-07-05
DS096,Neeraj,18,8.93,74.0,Warangal,2026-08-03
DS097,Harsha,21,5.72,75.0,Hyderabad,2026-05-06
DS098,Manikanta,21,8.44,95.0,Khammam,2026-04-01
DS099,Sai,22,9.09,92.0,Nizamabad,2026-08-10
DS100,Divya,21,9.45,90.0,Nizamabad,2026-03-17
